feature_1,feature_2,cell,n,casualty_n,rate,CI_low,CI_high
원인차차종_승합,차종구분_대형,둘 다 없음,13832,1451,0.10490167727009832,0.09990430115023788,0.11011844791560571
원인차차종_승합,차종구분_대형,승합만,693,77,0.1111111111111111,0.08982295341906862,0.1366869030521846
원인차차종_승합,차종구분_대형,대형만,1948,217,0.11139630390143737,0.09818243886487915,0.12613980659312984
원인차차종_승합,차종구분_대형,두 조건 동시,187,54,0.2887700534759358,0.22858417041965,0.3574596562824673
