model,ROC_AUC,PR_AUC,Accuracy,Balanced_Accuracy,Precision,Recall,Specificity,F1,Brier,validation_threshold,best_iteration
XGB_natural,0.7757794102339237,0.3108040137737432,0.7732511605570674,0.6855781379025255,0.2552770448548813,0.5737583395107487,0.7973979362943023,0.3533439853914631,0.08549254387617111,0.1527756154537201,149
XGB_weighted,0.7756841965585394,0.3069577048807889,0.7998239154794301,0.6669171887123073,0.2690457097032879,0.49740548554484804,0.8364288918797667,0.3492063492063492,0.08565910160541534,0.17765237390995026,133
XGB_RUS,0.7711707424305461,0.2985214293999808,0.8161517528413639,0.660431750617991,0.28395624430264355,0.4618235730170497,0.8590399282189323,0.35167936776742875,0.08616934716701508,0.18703721463680267,165
Logistic,0.7693734554383038,0.2912782359491067,0.7749319673443252,0.6783757205460337,0.25295508274231676,0.5552260934025204,0.8015253476895469,0.3475638051044084,0.08640237897634506,0.16257886588573456,-1
XGB_SMOTEN,0.7101650492314232,0.23483434067696468,0.7613254362093805,0.6270942269517557,0.2148096402375131,0.4558932542624166,0.7982951996410946,0.292022792022792,0.0906519889831543,0.1572226583957672,111
