split,n,casualty_n,prevalence,proportion
screening,12495,1349,0.10796318527410964,0.15000540235542698
train,41648,4496,0.107952362658471,0.49999399738285893
confirmation_test,16660,1799,0.10798319327731093,0.2000072031405693
validation,12494,1349,0.10797182647670882,0.14999339712114482
