metric,selected_model,selected_estimate,logistic_estimate,difference,ci_low,ci_high,bootstrap_two_sided_p
ROC_AUC,XGB_natural,0.7798740255214346,0.7740168586133673,0.005857166908067257,0.0028013791241490284,0.008984493100956633,0.0
PR_AUC,XGB_natural,0.31458922420068375,0.3030169171965472,0.011572307004136528,0.005050783901155502,0.018858271585834273,0.0
F1,XGB_natural,0.3532449647099329,0.35770647027880065,-0.004461505568867763,-0.011121779028879775,0.002483369641896473,0.216
Brier,XGB_natural,0.0851006880402565,0.0858217105269432,-0.0007210224866867065,-0.0011276664212346078,-0.0003661777824163437,0.0
